sample_id,source_dataset,source_site_id,state,latitude,longitude,ag_mgkg,as_mgkg,cu_mgkg,zn_mgkg,fe_pct,mn_mgkg,land_cover,depth_cm,notes
USGS-TOP5-001,USGS DS801 Top5 soil geochemistry,C-328818,AL,31.3146,-87.1166,0.5,2.1,5.9,15,0.52,92,Planted/Cultivated,0-5,real public soil sample; Au not present in this DS801 table
USGS-TOP5-002,USGS DS801 Top5 soil geochemistry,C-328804,AL,33.8523,-86.9041,0.5,1.9,5.4,18,0.46,182,Developed,0-5,real public soil sample; Au not present in this DS801 table
USGS-TOP5-003,USGS DS801 Top5 soil geochemistry,C-328805,AL,31.2179,-85.8788,0.5,1.8,10.1,18,0.31,221,Planted/Cultivated,0-5,real public soil sample; Au not present in this DS801 table
USGS-TOP5-004,USGS DS801 Top5 soil geochemistry,C-328864,AL,33.0992,-86.9976,0.5,3.4,14.2,32,2.28,281,Forested Upland,0-5,real public soil sample; Au not present in this DS801 table
USGS-TOP5-005,USGS DS801 Top5 soil geochemistry,C-328777,AL,34.5501,-87.6779,0.5,3.1,6.2,36,1.07,347,Developed,0-5,real public soil sample; Au not present in this DS801 table
USGS-TOP5-006,USGS DS801 Top5 soil geochemistry,C-328859,AL,34.3577,-87.313,0.5,3.9,7.5,24,1.39,100,Forested Upland,0-5,real public soil sample; Au not present in this DS801 table
USGS-TOP5-007,USGS DS801 Top5 soil geochemistry,C-328793,AL,31.0634,-85.6928,0.5,3.6,24.5,29,0.91,180,Planted/Cultivated,0-5,real public soil sample; Au not present in this DS801 table
USGS-TOP5-008,USGS DS801 Top5 soil geochemistry,C-328863,AL,34.2848,-85.6099,0.5,4.9,10.8,50,1.08,591,Forested Upland,0-5,real public soil sample; Au not present in this DS801 table
USGS-TOP5-009,USGS DS801 Top5 soil geochemistry,C-329053,AL,32.7952,-86.9501,0.5,2.6,4.1,20,1.25,72,Forested Upland,0-5,real public soil sample; Au not present in this DS801 table
USGS-TOP5-010,USGS DS801 Top5 soil geochemistry,C-328778,AL,31.7278,-87.1307,0.5,3.6,6.5,37,1.39,72,Developed,0-5,real public soil sample; Au not present in this DS801 table
USGS-TOP5-011,USGS DS801 Top5 soil geochemistry,C-329056,AL,30.4554,-87.5496,0.5,3.1,2.7,36,0.3,121,Developed,0-5,real public soil sample; Au not present in this DS801 table
USGS-TOP5-012,USGS DS801 Top5 soil geochemistry,C-328811,AL,32.1407,-85.5465,0.5,2.6,2.2,12,0.56,76,Planted/Cultivated,0-5,real public soil sample; Au not present in this DS801 table
USGS-TOP5-013,USGS DS801 Top5 soil geochemistry,C-329065,AL,32.9905,-86.651,0.5,22.4,20.9,27,3.3,478,Forested Upland,0-5,real public soil sample; Au not present in this DS801 table
USGS-TOP5-014,USGS DS801 Top5 soil geochemistry,C-328992,AL,32.5952,-85.5658,0.5,1.9,5.2,18,0.66,269,Planted/Cultivated,0-5,real public soil sample; Au not present in this DS801 table
USGS-TOP5-015,USGS DS801 Top5 soil geochemistry,C-328803,AL,32.392,-87.4686,0.5,17.4,16.9,83,3.61,685,Developed,0-5,real public soil sample; Au not present in this DS801 table
USGS-TOP5-016,USGS DS801 Top5 soil geochemistry,C-329057,AL,34.0736,-87.9234,0.5,2,6.5,9,0.55,228,Forested Upland,0-5,real public soil sample; Au not present in this DS801 table
USGS-TOP5-017,USGS DS801 Top5 soil geochemistry,C-328990,AL,34.9852,-87.5194,0.5,6.1,11.8,50,1.92,899,Planted/Cultivated,0-5,real public soil sample; Au not present in this DS801 table
USGS-TOP5-018,USGS DS801 Top5 soil geochemistry,C-329052,AL,31.3746,-88.0048,0.5,1.7,5.3,16,0.61,209,Developed,0-5,real public soil sample; Au not present in this DS801 table
USGS-TOP5-019,USGS DS801 Top5 soil geochemistry,C-328870,AL,33.3123,-87.8587,0.5,1.5,4.3,18,0.5,127,Planted/Cultivated,0-5,real public soil sample; Au not present in this DS801 table
USGS-TOP5-020,USGS DS801 Top5 soil geochemistry,C-329055,AL,33.6629,-85.66,0.5,9.1,16.4,64,3,653,Planted/Cultivated,0-5,real public soil sample; Au not present in this DS801 table
USGS-TOP5-021,USGS DS801 Top5 soil geochemistry,C-328816,AL,30.8919,-88.0869,0.5,0.9,3,5,0.14,15,Developed,0-5,real public soil sample; Au not present in this DS801 table
USGS-TOP5-022,USGS DS801 Top5 soil geochemistry,C-328865,AL,32.6467,-86.5986,0.5,1.4,4.3,13,0.43,375,Planted/Cultivated,0-5,real public soil sample; Au not present in this DS801 table
USGS-TOP5-023,USGS DS801 Top5 soil geochemistry,C-328786,AL,33.0284,-85.6592,0.5,3.3,15.2,33,3.06,161,Developed,0-5,real public soil sample; Au not present in this DS801 table
USGS-TOP5-024,USGS DS801 Top5 soil geochemistry,C-328874,AL,31.9654,-87.0744,0.5,5.6,24.2,120,3.82,243,Planted/Cultivated,0-5,real public soil sample; Au not present in this DS801 table
USGS-TOP5-025,USGS DS801 Top5 soil geochemistry,C-328876,AL,34.5247,-86.4085,0.5,4.6,5.9,28,1.67,176,Planted/Cultivated,0-5,real public soil sample; Au not present in this DS801 table
USGS-TOP5-026,USGS DS801 Top5 soil geochemistry,C-328791,AL,31.0277,-87.061,0.5,1.8,3.6,7,0.51,53,Developed,0-5,real public soil sample; Au not present in this DS801 table
USGS-TOP5-027,USGS DS801 Top5 soil geochemistry,C-328780,AL,34.0374,-87.2118,0.5,2.9,5.4,23,0.76,187,Forested Upland,0-5,real public soil sample; Au not present in this DS801 table
USGS-TOP5-028,USGS DS801 Top5 soil geochemistry,C-328866,AL,31.4932,-86.1309,0.5,2.1,9.3,25,1.23,273,Planted/Cultivated,0-5,real public soil sample; Au not present in this DS801 table
USGS-TOP5-029,USGS DS801 Top5 soil geochemistry,C-328877,AL,33.491,-87.5339,0.5,4.7,9,25,1.73,230,Planted/Cultivated,0-5,real public soil sample; Au not present in this DS801 table
USGS-TOP5-030,USGS DS801 Top5 soil geochemistry,C-329001,AL,32.8294,-86.1011,0.5,2.6,9.3,48,3.18,126,Developed,0-5,real public soil sample; Au not present in this DS801 table
USGS-TOP5-031,USGS DS801 Top5 soil geochemistry,C-328867,AL,34.3422,-87.9365,0.5,2.2,6.3,18,0.87,241,Developed,0-5,real public soil sample; Au not present in this DS801 table
USGS-TOP5-032,USGS DS801 Top5 soil geochemistry,C-328812,AL,34.3654,-87.0215,0.5,12.7,17.3,94,2.13,1070,Planted/Cultivated,0-5,real public soil sample; Au not present in this DS801 table
USGS-TOP5-033,USGS DS801 Top5 soil geochemistry,C-328814,AL,32.0066,-85.1349,0.5,0.8,2.2,7,0.22,129,Developed,0-5,real public soil sample; Au not present in this DS801 table
USGS-TOP5-034,USGS DS801 Top5 soil geochemistry,C-328796,AL,32.4912,-87.8568,0.5,13,18.7,90,2.33,786,Developed,0-5,real public soil sample; Au not present in this DS801 table
USGS-TOP5-035,USGS DS801 Top5 soil geochemistry,C-328784,AL,33.2135,-88.2789,0.5,2.5,4.5,32,1.32,361,Planted/Cultivated,0-5,real public soil sample; Au not present in this DS801 table
USGS-TOP5-036,USGS DS801 Top5 soil geochemistry,C-328993,AL,32.9087,-87.3015,0.5,0.9,3.3,20,0.29,57,Forested Upland,0-5,real public soil sample; Au not present in this DS801 table
USGS-TOP5-037,USGS DS801 Top5 soil geochemistry,C-329066,AL,31.44,-87.273,0.5,3.7,7,22,0.87,97,Planted/Cultivated,0-5,real public soil sample; Au not present in this DS801 table
USGS-TOP5-038,USGS DS801 Top5 soil geochemistry,C-328807,AL,30.6595,-87.7096,0.5,1.9,3.8,8,0.45,183,Developed,0-5,real public soil sample; Au not present in this DS801 table
USGS-TOP5-039,USGS DS801 Top5 soil geochemistry,C-329062,AL,32.1404,-85.8959,0.5,2.6,7.8,29,0.82,242,Planted/Cultivated,0-5,real public soil sample; Au not present in this DS801 table
USGS-TOP5-040,USGS DS801 Top5 soil geochemistry,C-329058,AL,33.0422,-87.5904,0.5,2.1,5,18,0.56,590,Planted/Cultivated,0-5,real public soil sample; Au not present in this DS801 table
USGS-TOP5-041,USGS DS801 Top5 soil geochemistry,C-329061,AL,30.6134,-88.2555,0.5,0.8,2.6,10,0.25,96,Developed,0-5,real public soil sample; Au not present in this DS801 table
USGS-TOP5-042,USGS DS801 Top5 soil geochemistry,C-328785,AL,32.8959,-86.3391,0.5,2.1,73.7,20,1.89,25,Forested Upland,0-5,real public soil sample; Au not present in this DS801 table
USGS-TOP5-043,USGS DS801 Top5 soil geochemistry,C-328792,AL,32.5015,-85.1717,0.5,1.2,2.4,13,0.25,82,Developed,0-5,real public soil sample; Au not present in this DS801 table
USGS-TOP5-044,USGS DS801 Top5 soil geochemistry,C-328790,AL,31.9466,-87.2578,0.5,7,5.9,30,0.78,228,Developed,0-5,real public soil sample; Au not present in this DS801 table
USGS-TOP5-045,USGS DS801 Top5 soil geochemistry,C-328991,AL,34.0191,-87.8219,0.5,1.7,5.1,15,0.55,85,Developed,0-5,real public soil sample; Au not present in this DS801 table
USGS-TOP5-046,USGS DS801 Top5 soil geochemistry,C-328783,AL,31.8158,-88.3121,0.5,1.9,4.1,13,0.66,105,Developed,0-5,real public soil sample; Au not present in this DS801 table
USGS-TOP5-047,USGS DS801 Top5 soil geochemistry,C-329067,AL,33.2574,-87.9498,0.5,4.7,8.2,32,1.28,164,Planted/Cultivated,0-5,real public soil sample; Au not present in this DS801 table
USGS-TOP5-048,USGS DS801 Top5 soil geochemistry,C-328794,AL,34.0777,-85.9159,0.5,9.2,8,38,2.01,328,Forested Upland,0-5,real public soil sample; Au not present in this DS801 table
USGS-TOP5-049,USGS DS801 Top5 soil geochemistry,C-328808,AL,30.9918,-88.2476,0.5,1.3,6.2,7,0.39,32,Developed,0-5,real public soil sample; Au not present in this DS801 table
USGS-TOP5-050,USGS DS801 Top5 soil geochemistry,C-328795,AL,33.2072,-86.0474,0.5,3.4,7.1,18,0.85,60,Forested Upland,0-5,real public soil sample; Au not present in this DS801 table
USGS-TOP5-051,USGS DS801 Top5 soil geochemistry,C-328799,AL,34.6962,-86.121,0.5,7.5,12.4,100,1.85,1830,Planted/Cultivated,0-5,real public soil sample; Au not present in this DS801 table
USGS-TOP5-052,USGS DS801 Top5 soil geochemistry,C-328860,AL,32.0475,-86.7708,0.5,8,16.6,113,3.39,179,Developed,0-5,real public soil sample; Au not present in this DS801 table
USGS-TOP5-053,USGS DS801 Top5 soil geochemistry,C-328999,AL,33.7451,-86.4163,0.5,4.3,7.3,30,1.35,315,Planted/Cultivated,0-5,real public soil sample; Au not present in this DS801 table
USGS-TOP5-054,USGS DS801 Top5 soil geochemistry,C-328871,AL,34.1757,-86.8882,0.5,7.2,9.9,45,1.89,647,Planted/Cultivated,0-5,real public soil sample; Au not present in this DS801 table
USGS-TOP5-055,USGS DS801 Top5 soil geochemistry,C-329002,AL,31.1129,-85.2917,0.5,1.6,5.3,12,1,64,Developed,0-5,real public soil sample; Au not present in this DS801 table
USGS-TOP5-056,USGS DS801 Top5 soil geochemistry,C-329050,AL,33.34,-87.1178,0.5,4.3,6,19,0.93,115,Forested Upland,0-5,real public soil sample; Au not present in this DS801 table
USGS-TOP5-057,USGS DS801 Top5 soil geochemistry,C-328815,AL,32.565,-86.2313,0.5,3.2,9.2,37,1.54,425,Planted/Cultivated,0-5,real public soil sample; Au not present in this DS801 table
USGS-TOP5-058,USGS DS801 Top5 soil geochemistry,C-328861,AL,34.6482,-87.9884,0.5,4.1,6,23,0.81,223,Forested Upland,0-5,real public soil sample; Au not present in this DS801 table
USGS-TOP5-059,USGS DS801 Top5 soil geochemistry,C-328875,AL,34.9865,-86.6495,0.5,5.6,6.9,23,2.06,190,Developed,0-5,real public soil sample; Au not present in this DS801 table
USGS-TOP5-060,USGS DS801 Top5 soil geochemistry,C-328872,AL,31.2839,-87.7323,0.5,2.1,6.5,23,0.87,865,Developed,0-5,real public soil sample; Au not present in this DS801 table
USGS-TOP5-061,USGS DS801 Top5 soil geochemistry,C-328817,AL,34.5908,-87.3118,0.5,1.7,5.8,67,0.55,297,Forested Upland,0-5,real public soil sample; Au not present in this DS801 table
USGS-TOP5-062,USGS DS801 Top5 soil geochemistry,C-329060,AL,31.5891,-85.3026,0.5,6.5,7.7,29,1.84,513,Planted/Cultivated,0-5,real public soil sample; Au not present in this DS801 table
USGS-TOP5-063,USGS DS801 Top5 soil geochemistry,C-328809,AL,32.1291,-88.2593,0.5,3.1,7.7,18,1.2,99,Developed,0-5,real public soil sample; Au not present in this DS801 table
USGS-TOP5-064,USGS DS801 Top5 soil geochemistry,C-328781,AL,34.5426,-85.8749,0.5,3.4,11.9,22,0.94,247,Planted/Cultivated,0-5,real public soil sample; Au not present in this DS801 table
